"Pergunta","Categoria","Dificuldade","OpcaoA","OpcaoB","OpcaoC","OpcaoD","RespostaCorreta","Curiosidade"
"Qual é o único metal que permanece em estado líquido à temperatura ambiente?","Ciência e Tecnologia","Fácil","Mercúrio","Chumbo","Alumínio","Ferro","A","O mercúrio é o único elemento metálico líquido em condições normais de temperatura e pressão."
"Qual é o país com a maior extensão territorial do planeta?","Geografia","Fácil","Canadá","China","Estados Unidos","Rússia","D","A Rússia cobre mais de 17 milhões de km² e se estende por 11 fusos horários diferentes."
"Quem escreveu a célebre peça teatral 'Romeu e Julieta'?","Arte e Cultura Pop","Fácil","Charles Dickens","William Shakespeare","Edgar Allan Poe","Miguel de Cervantes","B","Escrita na década de 1590, a tragédia de Shakespeare é uma das obras mais encenadas da dramaturgia mundial."
"Qual país foi a sede da Copa do Mundo de Futebol de 2014, vencida pela Alemanha?","Esportes","Fácil","África do Sul","Brasil","Rússia","França","B","Foi a segunda Copa do Mundo realizada no Brasil, tendo a primeira ocorrido em 1950."
"Em que ano teve início a Primeira Guerra Mundial?","História","Fácil","1914","1918","1939","1945","A","O conflito começou após o assassinato do arquiduque Francisco Ferdinando em Sarajevo, em 1914."
"Qual órgão do corpo humano é o principal responsável pela filtragem do sangue e produção da urina?","Ciência e Tecnologia","Fácil","Fígado","Pâncreas","Rins","Pulmões","C","Os rins filtram aproximadamente 180 litros de sangue todos os dias para eliminar toxinas do organismo."
"Qual é a capital oficial do Japão?","Geografia","Fácil","Quioto","Osaka","Tóquio","Seul","C","Tóquio era originalmente uma vila de pescadores chamada Edo antes de se tornar a capital imperial em 1868."
"Qual personagem do folclore brasileiro tem uma perna só, usa carapuça vermelha e fuma cachimbo?","Arte e Cultura Pop","Fácil","Curupira","Saci-Pererê","Boitatá","Boto Cor-de-Rosa","B","O Dia do Saci é comemorado oficialmente no Brasil em 31 de outubro para celebrar a cultura popular nacional."
"Qual velocista jamaicano detém o recorde mundial dos 100 metros rasos com o tempo de 9,58 segundos?","Esportes","Fácil","Usain Bolt","Carl Lewis","Asafa Powell","Tyson Gay","A","Usain Bolt bateu o recorde mundial durante o Campeonato Mundial de Atletismo de 2009 em Berlim."
"Qual famoso navio transatlântico naufragou em 1912 após colidir com um iceberg em sua viagem inaugural?","História","Fácil","Lusitania","Britannic","Titanic","Santa Maria","C","Os destroços do Titanic foram descobertos a quase 3.800 metros de profundidade no Oceano Atlântico em 1985."
"Qual é o valor aproximado da velocidade da luz no vácuo?","Ciência e Tecnologia","Médio","150.000 km/s","300.000 km/s","450.000 km/s","1.000.000 km/s","B","O valor exato da velocidade da luz no vácuo é de 299.792.458 metros por segundo."
"Qual é a montanha mais alta do mundo em relação ao nível do mar?","Geografia","Médio","K2","Monte Everest","Kilimanjaro","Aconcágua","B","O Monte Everest atinge 8.848,86 metros de altitude na fronteira entre o Nepal e a China."
"Qual pintora mexicana é célebre por seus autorretratos vibrantes e profunda expressão artística de suas dores?","Arte e Cultura Pop","Médio","Tarsila do Amaral","Frida Kahlo","Anita Malfatti","Georgia O'Keeffe","B","Frida Kahlo começou a pintar seriamente após um grave acidente na juventude, tornando-se um ícone global da arte."
"Quem liderou o movimento pacifista de desobediência civil que culminou na independência da Índia?","História","Médio","Mahatma Gandhi","Jawaharlal Nehru","Nelson Mandela","Martin Luther King Jr.","A","Gandhi popularizou a filosofia da 'Satyagraha', princípio de resistência e protesto sem uso de violência."
"No voleibol de quadra, qual jogador veste uniforme diferente e atua exclusivamente na recepção e defesa?","Esportes","Médio","Levantador","Oposto","Central","Líbero","D","A posição de líbero foi criada pela FIVB em 1998 para valorizar as defesas e prolongar os ralis nas partidas."
"Qual é o gás que mais contribui naturalmente para o efeito estufa na atmosfera da Terra?","Ciência e Tecnologia","Médio","Dióxido de Carbono (CO2)","Vapor de Água (H2O)","Metano (CH4)","Ozônio (O3)","B","O vapor de água é responsável pela maior parcela do efeito estufa natural, mantendo o planeta aquecido e habitável."
"O Canal do Panamá conecta quais dois grandes oceanos?","Geografia","Médio","Atlântico e Pacífico","Índico e Pacífico","Atlântico e Índico","Ártico e Atlântico","A","Inaugurado em 1914, o Canal do Panamá possui um complexo sistema de eclusas que eleva e rebaixa navios cargueiros."
"Qual físico desenvolveu a Teoria da Relatividade Geral, publicada em 1915?","Ciência e Tecnologia","Médio","Isaac Newton","Albert Einstein","Stephen Hawking","Galileo Galilei","B","A Teoria da Relatividade Geral descreveu a gravidade como a curvatura do espaço-tempo provocada pela massa."
"Em qual museu parisiense está permanentemente exposta a célebre escultura 'Vênus de Milo'?","Arte e Cultura Pop","Médio","Museu do Prado","British Museum","Museu do Louvre","Galeria Uffizi","C","Encontrada na ilha grega de Milos em 1820, a Vênus de Milo é uma das obras-primas da arte helenística."
"Qual cidade sediou a primeira edição dos Jogos Olímpicos da Era Moderna em 1896?","Esportes","Médio","Atenas","Paris","Londres","Roma","A","Os Jogos Olímpicos de 1896 reviveram a tradição dos festivais esportivos da Grécia Antiga no Estádio Panatenaico."
"Qual partícula elementar atua como o bóson mediador da força eletromagnética no Modelo Padrão?","Ciência e Tecnologia","Difícil","Glúon","Bóson W","Fóton","Gráviton","C","Os fótons são partículas sem massa de repouso e sem carga elétrica que transportam a radiação eletromagnética."
"Qual é a capital de país soberano mais ao sul (meridional) do planeta Terra?","Geografia","Difícil","Camberra","Buenos Aires","Wellington","Santiago","C","Wellington, capital da Nova Zelândia, fica na latitude 41°S, sendo a capital nacional mais austral do mundo."
"Qual batalha naval de 1805 garantiu a supremacia marítima da Grã-Bretanha durante as Guerras Napoleônicas?","História","Difícil","Batalha de Waterloo","Batalha de Trafalgar","Batalha de Austerlitz","Batalha de Leipzig","B","Comandada pelo Almirante Nelson, a esquadra britânica derrotou a frota combinada da França e da Espanha."
"Qual compositor concluiu sua célebre 'Nona Sinfonia' com o coro 'Ode à Alegria' já praticamente surdo?","Arte e Cultura Pop","Difícil","Wolfgang Amadeus Mozart","Ludwig van Beethoven","Johann Sebastian Bach","Frédéric Chopin","B","A Nona Sinfonia de Beethoven estreou em Viena em 1824 e foi a primeira grande sinfonia a incluir coro vocal."
"Qual país lidera historicamente o quadro geral de medalhas de ouro conquistadas nos Jogos Olímpicos de Inverno?","Esportes","Difícil","Noruega","Estados Unidos","Alemanha","Canadá","A","A Noruega acumula mais de 140 medalhas de ouro na história dos Jogos Olímpicos de Inverno."
